layer,impl,ms_median,ms_min,gflops,pct_peak
1,cuDNN,0.058176,0.057216,973.307,5.97121
1,naive,0.077952,0.07664,726.384,4.45635
1,tiled,0.082816,0.08192,683.722,4.19461
1,regtiled,0.035488,0.034816,1595.56,9.78869
1,wino,0.081152,0.079872,697.741,4.28062
1,wino_nf,0.125792,0.12368,450.133,2.76155
2,cuDNN,0.061728,0.060352,2446.13,15.007
2,naive,0.177664,0.176192,849.891,5.21405
2,tiled,0.19968,0.197472,756.185,4.63917
2,regtiled,0.28672,0.285312,526.629,3.23085
2,wino,0.047104,0.045344,3205.57,19.666
2,wino_nf,0.073728,0.07232,2048,12.5644
3,cuDNN,0.083968,0.081952,1798.24,11.0322
3,naive,0.404352,0.39936,373.424,2.29095
3,tiled,0.49104,0.487424,307.5,1.8865
3,regtiled,1.08317,1.08134,139.401,0.855222
3,wino,0.055552,0.055072,2718.08,16.6754
3,wino_nf,0.055296,0.053248,2730.67,16.7526
